{"cameraMode":{"drawMode":0,"name":"Shaded","section":"Shading Mode"},"sceneLighting":true,"audioPlay":false,"sceneViewState":{"m_AlwaysRefresh":false,"showFog":true,"showSkybox":false,"showFlares":true,"showImageEffects":true,"showParticleSystems":true,"showVisualEffectGraphs":true,"m_FxEnabled":true},"in2DMode":false,"pivot":{"x":-0.03999948501586914,"y":10.350011825561524,"z":-5.020110607147217},"rotation":{"x":-0.18251726031303407,"y":0.7122557759284973,"z":-0.20081549882888795,"w":-0.6473534107208252},"size":17.469085693359376,"orthographic":false}