{"cameraMode":{"drawMode":0,"name":"Shaded","section":"Shading Mode"},"sceneLighting":true,"audioPlay":false,"sceneViewState":{"m_AlwaysRefresh":false,"showFog":true,"showSkybox":true,"showFlares":true,"showImageEffects":true,"showParticleSystems":true,"showVisualEffectGraphs":true,"m_FxEnabled":true},"in2DMode":false,"pivot":{"x":33.403141021728519,"y":11.357871055603028,"z":13.902754783630371},"rotation":{"x":0.15795084834098817,"y":-0.6759524941444397,"z":0.15172937512397767,"w":0.7036559581756592},"size":5.258517265319824,"orthographic":false}